{
  "mfd": {
    "baseline": {
      "Care": 0.5278498397680451,
      "Equality": 0.3611274914494634,
      "Proportionality": 0.2877752467729689,
      "Authority": 0.4163218718790127,
      "Loyalty": 0.27117696393625945,
      "Purity": 0.24675805854020008,
      "macro": 0.35183491205765827
    },
    "syntax": {
      "Care": 0.6272335181762169,
      "Equality": 0.5124615547778131,
      "Proportionality": 0.44930852651477465,
      "Authority": 0.5275434759970843,
      "Loyalty": 0.37913223140495866,
      "Purity": 0.3041947785274274,
      "macro": 0.46664568089971253
    },
    "improvement": {
      "Care": 0.09938367840817175,
      "Equality": 0.1513340633283497,
      "Proportionality": 0.16153327974180576,
      "Authority": 0.11122160411807158,
      "Loyalty": 0.10795526746869921,
      "Purity": 0.0574367199872273
    }
  },
  "mfd2": {
    "baseline": {
      "Care": 0.32917589462641333,
      "Equality": 0.23156636110003986,
      "Proportionality": 0.1930202498922878,
      "Authority": 0.2916011873581282,
      "Loyalty": 0.294262112078589,
      "Purity": 0.06296992481203008,
      "macro": 0.23376595497791472
    },
    "syntax": {
      "Care": 0.6218359255870692,
      "Equality": 0.5129338934335618,
      "Proportionality": 0.4442868719611021,
      "Authority": 0.5061592388582874,
      "Loyalty": 0.39142310844031686,
      "Purity": 0.2743111330779686,
      "macro": 0.4584916952263844
    },
    "improvement": {
      "Care": 0.2926600309606559,
      "Equality": 0.2813675323335219,
      "Proportionality": 0.25126662206881434,
      "Authority": 0.21455805150015922,
      "Loyalty": 0.09716099636172787,
      "Purity": 0.21134120826593855
    }
  },
  "emfd": {
    "baseline": {
      "Care": 0.5158328794833891,
      "Equality": 0.35509396636993074,
      "Proportionality": 0.2825753704649974,
      "Authority": 0.4154879268466924,
      "Loyalty": 0.26999252615844543,
      "Purity": 0.24829157175398633,
      "macro": 0.34787904017957355
    },
    "syntax": {
      "Care": 0.6244738654626157,
      "Equality": 0.5166720621560376,
      "Proportionality": 0.4424366074030895,
      "Authority": 0.523422860712055,
      "Loyalty": 0.3767435797158128,
      "Purity": 0.30028244388286013,
      "macro": 0.46400523655541176
    },
    "improvement": {
      "Care": 0.10864098597922667,
      "Equality": 0.16157809578610682,
      "Proportionality": 0.15986123693809207,
      "Authority": 0.10793493386536263,
      "Loyalty": 0.10675105355736736,
      "Purity": 0.051990872128873794
    }
  },
  "emacd": {
    "baseline": {
      "Care": 0.0,
      "Equality": 0.0,
      "Proportionality": 0.0,
      "Authority": 0.0,
      "Loyalty": 0.0,
      "Purity": 0.0,
      "macro": 0.0
    },
    "syntax": {
      "Care": 0.6081480919505349,
      "Equality": 0.49399834437086093,
      "Proportionality": 0.4264879779266851,
      "Authority": 0.48897485493230175,
      "Loyalty": 0.36916477416098914,
      "Purity": 0.2694080996884735,
      "macro": 0.4426970238383075
    },
    "improvement": {
      "Care": 0.6081480919505349,
      "Equality": 0.49399834437086093,
      "Proportionality": 0.4264879779266851,
      "Authority": 0.48897485493230175,
      "Loyalty": 0.36916477416098914,
      "Purity": 0.2694080996884735
    }
  },
  "macd": {
    "baseline": {
      "Care": 0.32917589462641333,
      "Equality": 0.23156636110003986,
      "Proportionality": 0.1930202498922878,
      "Authority": 0.2916011873581282,
      "Loyalty": 0.294262112078589,
      "Purity": 0.06296992481203008,
      "macro": 0.23376595497791472
    },
    "syntax": {
      "Care": 0.6218359255870692,
      "Equality": 0.5129338934335618,
      "Proportionality": 0.4442868719611021,
      "Authority": 0.5061592388582874,
      "Loyalty": 0.39142310844031686,
      "Purity": 0.2743111330779686,
      "macro": 0.4584916952263844
    },
    "improvement": {
      "Care": 0.2926600309606559,
      "Equality": 0.2813675323335219,
      "Proportionality": 0.25126662206881434,
      "Authority": 0.21455805150015922,
      "Loyalty": 0.09716099636172787,
      "Purity": 0.21134120826593855
    }
  }
}