{
  "mfd": {
    "baseline": {
      "Care": 0.4515879163439194,
      "Equality": 0.29733163913595934,
      "Proportionality": 0.2803543512245961,
      "Authority": 0.4186313973548016,
      "Loyalty": 0.33386837881219905,
      "Purity": 0.2534351145038168,
      "macro": 0.3392014662292154
    },
    "syntax": {
      "Care": 0.6191227516566741,
      "Equality": 0.5116872078198045,
      "Proportionality": 0.4648854961832061,
      "Authority": 0.5261308739569609,
      "Loyalty": 0.4372842347525892,
      "Purity": 0.3318885448916409,
      "macro": 0.48183318487681265
    },
    "improvement": {
      "Care": 0.16753483531275465,
      "Equality": 0.21435556868384514,
      "Proportionality": 0.18453114495861,
      "Authority": 0.1074994766021593,
      "Loyalty": 0.10341585594039016,
      "Purity": 0.0784534303878241
    }
  },
  "mfd2": {
    "baseline": {
      "Care": 0.31589147286821706,
      "Equality": 0.21009098428453268,
      "Proportionality": 0.2094420600858369,
      "Authority": 0.29312762973352036,
      "Loyalty": 0.29596412556053814,
      "Purity": 0.10058027079303675,
      "macro": 0.23751609055428027
    },
    "syntax": {
      "Care": 0.6160629921259843,
      "Equality": 0.5114638447971781,
      "Proportionality": 0.4657534246575342,
      "Authority": 0.5156765676567657,
      "Loyalty": 0.422615648201028,
      "Purity": 0.3054082714740191,
      "macro": 0.4728301248187516
    },
    "improvement": {
      "Care": 0.3001715192577672,
      "Equality": 0.30137286051264545,
      "Proportionality": 0.25631136457169734,
      "Authority": 0.22254893792324537,
      "Loyalty": 0.12665152264048984,
      "Purity": 0.20482800068098236
    }
  },
  "emfd": {
    "baseline": {
      "Care": 0.4034369885433715,
      "Equality": 0.2764786795048143,
      "Proportionality": 0.2804621848739496,
      "Authority": 0.4177215189873418,
      "Loyalty": 0.32927818329278186,
      "Purity": 0.25236593059936907,
      "macro": 0.3266239143002713
    },
    "syntax": {
      "Care": 0.617008069522036,
      "Equality": 0.506426735218509,
      "Proportionality": 0.4570575056011949,
      "Authority": 0.5259911894273128,
      "Loyalty": 0.43352601156069365,
      "Purity": 0.3297400126823082,
      "macro": 0.47829158733534244
    },
    "improvement": {
      "Care": 0.2135710809786645,
      "Equality": 0.2299480557136947,
      "Proportionality": 0.17659532072724532,
      "Authority": 0.10826967043997104,
      "Loyalty": 0.10424782826791179,
      "Purity": 0.07737408208293911
    }
  },
  "emacd": {
    "baseline": {
      "Care": 0.0,
      "Equality": 0.0,
      "Proportionality": 0.0,
      "Authority": 0.0,
      "Loyalty": 0.0,
      "Purity": 0.0,
      "macro": 0.0
    },
    "syntax": {
      "Care": 0.6176744186046511,
      "Equality": 0.5120732722731057,
      "Proportionality": 0.4434816857030327,
      "Authority": 0.5015847860538827,
      "Loyalty": 0.38883143743536713,
      "Purity": 0.2972972972972973,
      "macro": 0.46015714956122283
    },
    "improvement": {
      "Care": 0.6176744186046511,
      "Equality": 0.5120732722731057,
      "Proportionality": 0.4434816857030327,
      "Authority": 0.5015847860538827,
      "Loyalty": 0.38883143743536713,
      "Purity": 0.2972972972972973
    }
  },
  "macd": {
    "baseline": {
      "Care": 0.31589147286821706,
      "Equality": 0.21009098428453268,
      "Proportionality": 0.2094420600858369,
      "Authority": 0.29312762973352036,
      "Loyalty": 0.29596412556053814,
      "Purity": 0.10058027079303675,
      "macro": 0.23751609055428027
    },
    "syntax": {
      "Care": 0.6160629921259843,
      "Equality": 0.5114638447971781,
      "Proportionality": 0.4657534246575342,
      "Authority": 0.5156765676567657,
      "Loyalty": 0.422615648201028,
      "Purity": 0.3054082714740191,
      "macro": 0.4728301248187516
    },
    "improvement": {
      "Care": 0.3001715192577672,
      "Equality": 0.30137286051264545,
      "Proportionality": 0.25631136457169734,
      "Authority": 0.22254893792324537,
      "Loyalty": 0.12665152264048984,
      "Purity": 0.20482800068098236
    }
  }
}